Workbook

Sheet Order Data
A1: 🍔 ONLINE FOOD DELIVERY — ORDER DATABASE
A2: Order ID | B2: Customer Name | C2: Restaurant Name | D2: Food Category | E2: Order Amount (₹) | F2: Delivery Time (min) | G2: Distance (km) | H2: Rating (1-5) | I2: Delivery Partner | J2: City | K2: Order Date | L2: Status
A3: ORD001 | B3: Rahul Sharma | C3: Zomato Kitchen | D3: Biryani | E3: 450 | F3: 35 | G3: 3.2 | H3: 4.5 | I3: Amit K | J3: Delhi | K3: 2024-01-05 | L3: Delivered
A4: ORD002 | B4: Priya Singh | C4: Burger King | D4: Fast Food | E4: 320 | F4: 28 | G4: 2.1 | H4: 4 | I4: Ravi S | J4: Mumbai | K4: 2024-01-06 | L4: Delivered
A5: ORD003 | B5: Ankit Verma | C5: Pizza Hut | D5: Pizza | E5: 680 | F5: 42 | G5: 5 | H5: 3.8 | I5: Suresh P | J5: Bangalore | K5: 2024-01-07 | L5: Delivered
A6: ORD004 | B6: Sneha Patel | C6: Domino's | D6: Pizza | E6: 540 | F6: 30 | G6: 2.8 | H6: 4.2 | I6: Mohan L | J6: Pune | K6: 2024-01-08 | L6: Delivered
A7: ORD005 | B7: Vikas Gupta | C7: KFC | D7: Fast Food | E7: 380 | F7: 25 | G7: 1.9 | H7: 4.6 | I7: Deepak R | J7: Delhi | K7: 2024-01-09 | L7: Delivered
A8: ORD006 | B8: Neha Joshi | C8: Haldiram's | D8: Snacks | E8: 210 | F8: 20 | G8: 1.2 | H8: 4.8 | I8: Arun T | J8: Jaipur | K8: 2024-01-10 | L8: Delivered
A9: ORD007 | B9: Rohit Mehta | C9: Barbeque Nation | D9: BBQ | E9: 950 | F9: 55 | G9: 6.5 | H9: 3.5 | I9: Vijay M | J9: Mumbai | K9: 2024-01-11 | L9: Cancelled
A10: ORD008 | B10: Anjali Rao | C10: Swiggy Cloud | D10: South Indian | E10: 360 | F10: 33 | G10: 3.8 | H10: 4.3 | I10: Kiran B | J10: Chennai | K10: 2024-01-12 | L10: Delivered
A11: ORD009 | B11: Sumit Kumar | C11: McDonald's | D11: Fast Food | E11: 290 | F11: 22 | G11: 1.5 | H11: 4.7 | I11: Sachin G | J11: Hyderabad | K11: 2024-01-13 | L11: Delivered
A12: ORD010 | B12: Kavita Reddy | C12: Saravana Bhavan | D12: South Indian | E12: 480 | F12: 40 | G12: 4.2 | H12: 4.1 | I12: Naresh J | J12: Chennai | K12: 2024-01-14 | L12: Delivered
A13: ORD011 | B13: Arjun Nair | C13: Fassos | D13: Wraps | E13: 350 | F13: 27 | G13: 2.3 | H13: 3.9 | I13: Prakash V | J13: Kochi | K13: 2024-01-15 | L13: Delivered
A14: ORD012 | B14: Divya Sharma | C14: Box8 | D14: Thali | E14: 520 | F14: 38 | G14: 4 | H14: 4.4 | I14: Gopal S | J14: Delhi | K14: 2024-01-16 | L14: Delivered
... A22: ORD020 | B22: Vikram Singhania | C22: Behrouz Biryani | D22: Biryani | E22: 720 | F22: 48 | G22: 6 | H22: 4.8 | I22: Aman V | J22: Bangalore | K22: 2024-01-24 | L22: Delivered

Sheet Analysis & Formulas
A1: 📊 DATA ANALYSIS — 10 EXCEL FUNCTIONS APPLIED
A2: Sr. | B2: Formula Used | C2: Result | D2: Purpose / Explanation
A3: 1 | B3: SUM | C3: =SUM('Order Data'!E3:E22) -> 9610 | D3: Total Revenue from all orders
A4: 2 | B4: AVERAGE | C4: =AVERAGE('Order Data'!F3:F22) -> 34.55 | D4: Average Delivery Time (minutes)
A5: 3 | B5: MAX | C5: =MAX('Order Data'!E3:E22) -> 950 | D5: Highest Order Amount
A6: 4 | B6: MIN | C6: =MIN('Order Data'!F3:F22) -> 18 | D6: Minimum Delivery Time
A7: 5 | B7: COUNT | C7: =COUNT('Order Data'!E3:E22) -> 20 | D7: Total Number of Orders
A8: 6 | B8: COUNTIF | C8: =COUNTIF('Order Data'!L3:L22,"Delivered") -> 17 | D8: Delivered Orders Count
A9: 7 | B9: AVERAGEIF | C9: =AVERAGEIF('Order Data'!D3:D22,"Biryani",'Order Data'!H3:H22) -> 4.7333333 | D9: Avg Rating for Biryani Orders
A10: 8 | B10: IF | C10: =IF(AVERAGE('Order Data'!F3:F22)<=30,"Fast Delivery","Moderate Delivery") -> Moderate Delivery | D10: Delivery Speed Tag (≤30 min = Fast)
A11: 9 | B11: RANK | C11: =RANK('Order Data'!E3,'Order Data'!E3:E22,0) -> 10 | D11: Rank of 1st Order by Amount (among all)
A12: 10 | B12: SUMIF | C12: =SUMIF('Order Data'!D3:D22,"Fast Food",'Order Data'!E3:E22) -> 990 | D12: Revenue from Fast Food category
A15: 🏙 CITY-WISE SUMMARY (COUNTIF / SUMIF / AVERAGEIF)
A16: City | B16: No. of Orders | C16: Total Revenue (₹) | D16: Avg Rating
A17: Delhi | B17: =COUNTIF('Order Data'!J3:J22,A17) -> 4 | C17: =SUMIF('Order Data'!J3:J22,A17,'Order Data'!E3:E22) -> 2180 | D17: =IFERROR(AVERAGEIF('Order Data'!J3:J22,A17,'Order Data'!H3:H22),"-") -> 4.175
A18: Mumbai | B18: =COUNTIF('Order Data'!J3:J22,A18) -> 3 | C18: =SUMIF('Order Data'!J3:J22,A18,'Order Data'!E3:E22) -> 1890 | D18: =IFERROR(AVERAGEIF('Order Data'!J3:J22,A18,'Order Data'!H3:H22),"-") -> 3.8333333
A19: Bangalore | B19: =COUNTIF('Order Data'!J3:J22,A19) -> 2 | C19: =SUMIF('Order Data'!J3:J22,A19,'Order Data'!E3:E22) -> 1400 | D19: =IFERROR(AVERAGEIF('Order Data'!J3:J22,A19,'Order Data'!H3:H22),"-") -> 4.3
A20: Chennai | B20: =COUNTIF('Order Data'!J3:J22,A20) -> 2 | C20: =SUMIF('Order Data'!J3:J22,A20,'Order Data'!E3:E22) -> 840 | D20: =IFERROR(AVERAGEIF('Order Data'!J3:J22,A20,'Order Data'!H3:H22),"-") -> 4.2
A21: Hyderabad | B21: =COUNTIF('Order Data'!J3:J22,A21) -> 1 | C21: =SUMIF('Order Data'!J3:J22,A21,'Order Data'!E3:E22) -> 290 | D21: =IFERROR(AVERAGEIF('Order Data'!J3:J22,A21,'Order Data'!H3:H22),"-") -> 4.7
A22: Pune | B22: =COUNTIF('Order Data'!J3:J22,A22) -> 1 | C22: =SUMIF('Order Data'!J3:J22,A22,'Order Data'!E3:E22) -> 540 | D22: =IFERROR(AVERAGEIF('Order Data'!J3:J22,A22,'Order Data'!H3:H22),"-") -> 4.2
A23: Jaipur | B23: =COUNTIF('Order Data'!J3:J22,A23) -> 1 | C23: =SUMIF('Order Data'!J3:J22,A23,'Order Data'!E3:E22) -> 210 | D23: =IFERROR(AVERAGEIF('Order Data'!J3:J22,A23,'Order Data'!H3:H22),"-") -> 4.8
A24: Kolkata | B24: =COUNTIF('Order Data'!J3:J22,A24) -> 1 | C24: =SUMIF('Order Data'!J3:J22,A24,'Order Data'!E3:E22) -> 750 | D24: =IFERROR(AVERAGEIF('Order Data'!J3:J22,A24,'Order Data'!H3:H22),"-") -> 3.7

Sheet Dashboard KPIs
A1: 📈 ONLINE FOOD DELIVERY — KPI DASHBOARD
A3: Total Orders | B3: =COUNT('Order Data'!E3:E22) -> 20 | C3: Total Revenue | D3: =SUM('Order Data'!E3:E22) -> 9610 | E3: Avg Delivery Time | F3: =AVERAGE('Order Data'!F3:F22) -> 34.55
A7: Avg Customer Rating | B7: =AVERAGE('Order Data'!H3:H22) -> 4.24 | C7: Fastest Delivery | D7: =MIN('Order Data'!F3:F22) -> 18 | E7: Highest Order | F7: =MAX('Order Data'!E3:E22) -> 950
A11: Delivered Orders | B11: =COUNTIF('Order Data'!L3:L22,"Delivered") -> 17 | C11: Cancelled Orders | D11: =COUNTIF('Order Data'!L3:L22,"Cancelled") -> 2
